File,Lines,ExpectedViolations,NestedLevels,BulkPayloadNested
DeepBulk_001.profile,250000,2500,10,YES
DeepBulk_002.profile,250000,2500,10,YES
DeepBulk_003.profile,250000,2500,10,YES
DeepBulk_004.profile,250000,2500,10,YES
DeepBulk_005.profile,250000,2500,10,YES
DeepBulk_006.profile,250000,2500,10,YES
DeepBulk_007.profile,250000,2500,10,YES
DeepBulk_008.profile,250000,2500,10,YES
DeepBulk_009.profile,250000,2500,10,YES
DeepBulk_010.profile,250000,2500,10,YES
DeepBulk_011.profile,250000,2500,10,YES
DeepBulk_012.profile,250000,2500,10,YES
DeepBulk_013.profile,250000,2500,10,YES
DeepBulk_014.profile,250000,2500,10,YES
DeepBulk_015.profile,250000,2500,10,YES
DeepBulk_016.profile,250000,2500,10,YES
DeepBulk_017.profile,250000,2500,10,YES
DeepBulk_018.profile,250000,2500,10,YES
DeepBulk_019.profile,250000,2500,10,YES
DeepBulk_020.profile,250000,2500,10,YES
DeepBulk_021.profile,250000,2500,10,YES
DeepBulk_022.profile,250000,2500,10,YES
DeepBulk_023.profile,250000,2500,10,YES
DeepBulk_024.profile,250000,2500,10,YES
DeepBulk_025.profile,250000,2500,10,YES
